{"cameraMode":{"drawMode":0,"name":"Shaded","section":"Shading Mode"},"sceneLighting":true,"audioPlay":false,"sceneViewState":{"showFog":true,"showMaterialUpdate":true,"showSkybox":true,"showFlares":true,"showImageEffects":true,"showParticleSystems":true},"in2DMode":false,"pivot":{"x":-7.679999828338623,"y":5.430580139160156,"z":5.430579662322998},"rotation":{"x":-0.028755443170666696,"y":0.059038806706666949,"z":-0.0017027441645041109,"w":-0.9978399872779846},"size":13.576484680175782,"orthographic":false}